name,datetime,tempmax,tempmin,temp,feelslikemax,feelslikemin,feelslike,dew,humidity,precip,precipprob,precipcover,preciptype,snow,snowdepth,windgust,windspeed,winddir,sealevelpressure,cloudcover,visibility,solarradiation,solarenergy,uvindex,severerisk,sunrise,sunset,moonphase,conditions,description,icon,stations
pittsburgh,2024-09-01,30,20.7,24.4,29.1,20.7,24.3,17,67.4,1.247,100,4.17,rain,0,0,63.4,31.7,286.2,1014.1,70.7,13,208.9,18,8,10,2024-09-01T06:47:49,2024-09-01T19:51:09,0.95,"Rain, Partially cloudy",Partly cloudy throughout the day with early morning rain.,rain,"KAGC,KPIT,72520514762,72520094823,0358W"
pittsburgh,2024-09-02,22.9,13.2,17.8,22.9,13.2,17.8,9.8,62.3,3.486,100,12.5,rain,0,0,41.8,24.1,343.5,1022,36.4,14.9,238.4,20.7,9,10,2024-09-02T06:48:47,2024-09-02T19:49:32,0,"Rain, Partially cloudy",Partly cloudy throughout the day with early morning rain.,rain,"KAGC,KPIT,72520514762,72520094823,0358W"
pittsburgh,2024-09-03,23.6,10.2,17,23.6,10.2,17,6.6,53.1,0,0,0,,0,0,27.7,15.3,64.5,1027.4,8.6,16,242.8,21,8,10,2024-09-03T06:49:45,2024-09-03T19:47:55,0.02,Clear,Clear conditions throughout the day.,clear-day,"KBTP,KAGC,72512464705,KPIT,72520514762,72520094823,0358W"
pittsburgh,2024-09-04,26,11.5,18.9,26,11.5,18.9,7.8,51.4,0,0,0,,0,0,27.7,16.6,96.2,1028.2,8.7,16,231.4,20,7,10,2024-09-04T06:50:43,2024-09-04T19:46:18,0.05,Clear,Clear conditions throughout the day.,clear-day,"KBTP,KAGC,72512464705,KPIT,72520514762,72520094823,0358W"
pittsburgh,2024-09-05,27.5,12.5,20.1,26.7,12.5,20,8.9,51.6,0,0,0,,0,0,23.4,14.3,125.5,1025.1,2.2,15.8,236.6,20.5,7,10,2024-09-05T06:51:40,2024-09-05T19:44:40,0.09,Clear,Clear conditions throughout the day.,clear-day,"KBTP,KAGC,72512464705,KPIT,72520514762,72520094823,0358W"
pittsburgh,2024-09-06,29.6,13.8,21.2,29.3,13.8,21.2,13.4,62.7,1.219,100,20.83,rain,0,0,57.7,20.4,194.9,1016.4,37.5,15.7,198.1,17.1,8,10,2024-09-06T06:52:38,2024-09-06T19:43:02,0.12,"Rain, Partially cloudy",Becoming cloudy in the afternoon with late afternoon rain.,rain,"KBTP,KAGC,72512464705,KPIT,72520514762,72520094823,0358W"
pittsburgh,2024-09-07,19.4,11.9,16.3,19.4,11.9,16.3,10.2,69.5,14.362,100,25,rain,0,0,44.7,30.1,305.4,1014.9,77.9,14.7,170.8,14.6,9,10,2024-09-07T06:53:36,2024-09-07T19:41:23,0.15,"Rain, Partially cloudy",Partly cloudy throughout the day with rain.,rain,"KBTP,KAGC,72512464705,KPIT,72520514762,72520094823,0358W"
pittsburgh,2024-09-08,19.9,8.1,14.1,19.9,6.6,13.9,4.7,56.3,0,0,0,,0,0,35.1,17,277.9,1020.1,7.9,16,228.2,19.9,7,10,2024-09-08T06:54:33,2024-09-08T19:39:44,0.19,Clear,Clear conditions throughout the day.,clear-day,"KBTP,KAGC,72512464705,KPIT,72520514762,72520094823,0358W"
pittsburgh,2024-09-09,23.7,8.9,16.7,23.7,8.1,16.5,6,51.8,0,0,0,,0,0,34.2,18.8,238.7,1021.1,16.4,16,215.5,18.5,7,10,2024-09-09T06:55:31,2024-09-09T19:38:05,0.22,Clear,Clear conditions throughout the day.,clear-day,"KBTP,KAGC,72512464705,KPIT,72520514762,72520094823,0358W"
pittsburgh,2024-09-10,26.7,13.5,20.3,26.6,13.5,20.3,10,52.6,0,0,0,,0,0,23.4,12,233.5,1020.8,25.4,16,231.9,20.1,8,10,2024-09-10T06:56:28,2024-09-10T19:36:25,0.25,Partially cloudy,Becoming cloudy in the afternoon.,partly-cloudy-day,"KBTP,KAGC,72512464705,KPIT,72520514762,72520094823,0358W"
pittsburgh,2024-09-11,28.7,14.9,22,27.8,14.9,21.8,12.3,57.7,0,0,0,,0,0,17.6,9.4,82.5,1020.6,4,15.5,212.1,18.3,7,10,2024-09-11T06:57:26,2024-09-11T19:34:46,0.25,Clear,Clear conditions throughout the day.,clear-day,"KBTP,KAGC,72512464705,KPIT,72520514762,72520094823,0358W"
pittsburgh,2024-09-12,28.4,16.2,22.3,27.7,16.2,22.2,12.5,55.9,0,0,0,,0,0,31.7,19.3,112.8,1021.1,5.1,15.8,214,18.5,7,10,2024-09-12T06:58:24,2024-09-12T19:33:06,0.32,Clear,Clear conditions throughout the day.,clear-day,"KBTP,KAGC,72512464705,KPIT,72520514762,72520094823,0358W"
pittsburgh,2024-09-13,28.1,15.7,21.9,27.8,15.7,21.8,12.9,58.3,0,0,0,,0,0,31.7,17,107.4,1022.5,13.8,16,203.4,17.5,7,10,2024-09-13T06:59:21,2024-09-13T19:31:25,0.35,Clear,Clear conditions throughout the day.,clear-day,"KBTP,KAGC,72512464705,KPIT,72520514762,72520094823,0358W"
pittsburgh,2024-09-14,29.6,16.5,22.7,28.7,16.5,22.5,13.1,57.7,0,0,0,,0,0,32.8,17.9,99.9,1023.4,3.8,16,195,16.9,8,10,2024-09-14T07:00:19,2024-09-14T19:29:45,0.39,Clear,Clear conditions throughout the day.,clear-day,"KBTP,KAGC,72512464705,KPIT,72520514762,72520094823,0358W"
pittsburgh,2024-09-15,29.2,17.3,23,27.8,17.3,22.8,11.2,50.7,0,0,0,,0,0,35.2,21,111.1,1024.6,1.7,15.9,217,18.7,8,10,2024-09-15T07:01:17,2024-09-15T19:28:04,0.42,Clear,Clear conditions throughout the day.,clear-day,"KBTP,KAGC,72512464705,KPIT,72520514762,72520094823,0358W"
pittsburgh,2024-09-16,26.2,15.9,20.9,26.2,15.9,20.9,8.6,48.9,0,0,0,,0,0,36.7,18.4,92,1024.2,16.3,16,187.8,16.2,7,10,2024-09-16T07:02:15,2024-09-16T19:26:24,0.45,Clear,Clear conditions throughout the day.,clear-day,"KAGC,KPIT,72520514762,72520094823,0358W"
pittsburgh,2024-09-17,26.9,15.9,20.7,27.5,15.9,20.7,13.5,64,0,0,0,,0,0,36,18.9,96.9,1020.6,47.2,16,109.2,9.3,5,10,2024-09-17T07:03:13,2024-09-17T19:24:43,0.5,Partially cloudy,Partly cloudy throughout the day.,partly-cloudy-day,"KAGC,KPIT,72520514762,72520094823,0358W"
pittsburgh,2024-09-18,23.9,18.4,20.7,23.9,18.4,20.7,16.3,75.7,0,0,0,,0,0,31,16.7,79.2,1017,77.1,15.6,109.1,9.2,5,10,2024-09-18T07:04:11,2024-09-18T19:23:02,0.52,Partially cloudy,Partly cloudy throughout the day.,partly-cloudy-day,"KAGC,KPIT,72520514762,72520094823,0358W"
pittsburgh,2024-09-19,28.4,18.1,22.4,27.9,18.1,22.3,14.8,65.5,0,0,0,,0,0,20.5,13,55.2,1014.3,50.6,15.3,156.6,13.5,6,10,2024-09-19T07:05:09,2024-09-19T19:21:22,0.55,Partially cloudy,Partly cloudy throughout the day.,partly-cloudy-day,"KAGC,KPIT,72520514762,72520094823,0358W"
pittsburgh,2024-09-20,29.2,16,23.1,28.7,16,23,13.7,57.7,0,0,0,,0,0,19.1,8.5,81.3,1013.1,17.1,13.8,173,15,6,10,2024-09-20T07:06:07,2024-09-20T19:19:41,0.59,Clear,Clear conditions throughout the day.,clear-day,"KAGC,KPIT,72520514762,72520094823,0358W"
pittsburgh,2024-09-21,29,19,23.5,29.7,19,23.7,15.7,62.3,0.969,100,4.17,rain,0,0,33.5,14,150.5,1012.7,46.6,15.9,138.2,11.9,6,30,2024-09-21T07:07:06,2024-09-21T19:18:00,0.62,"Rain, Partially cloudy",Partly cloudy throughout the day with afternoon rain.,rain,"KBTP,KAGC,72512464705,KPIT,72520514762,72520094823,0358W"
pittsburgh,2024-09-22,28.6,15.9,22.1,28.2,15.9,22.1,15.4,68.2,0,0,0,,0,0,31.3,11.4,133,1013.4,29.6,13.2,177.1,15.2,7,10,2024-09-22T07:08:04,2024-09-22T19:16:19,0.66,Partially cloudy,Clearing in the afternoon.,partly-cloudy-day,"KBTP,KAGC,72512464705,KPIT,72520514762,72520094823,0358W"
pittsburgh,2024-09-23,25.6,19.3,21.9,25.6,19.3,21.9,16.9,74,2.421,100,29.17,rain,0,0,29.9,14.3,227.6,1012.3,81.6,14.4,78.2,6.6,4,10,2024-09-23T07:09:03,2024-09-23T19:14:39,0.69,"Rain, Partially cloudy",Partly cloudy throughout the day with a chance of rain throughout the day.,rain,"KBTP,KAGC,72512464705,KPIT,72520514762,72520094823,0358W"
pittsburgh,2024-09-24,24.3,18.7,20.9,24.3,18.7,20.9,16.8,77.9,0.541,100,16.67,rain,0,0,37.1,21.6,135.5,1012.9,71.9,15.6,70.6,6.1,4,10,2024-09-24T07:10:02,2024-09-24T19:12:58,0.75,"Rain, Partially cloudy",Partly cloudy throughout the day with rain clearing later.,rain,"KBTP,KAGC,72512464705,KPIT,72520514762,72520094823,0358W"
pittsburgh,2024-09-25,24.9,19.2,21.4,24.9,19.2,21.4,17.2,77.4,5.419,100,29.17,rain,0,0,36.4,14.9,146.5,1014,77.6,15.4,77.5,6.8,4,10,2024-09-25T07:11:01,2024-09-25T19:11:18,0.76,"Rain, Partially cloudy",Partly cloudy throughout the day with a chance of rain throughout the day.,rain,"KBTP,KAGC,72512464705,KPIT,72520514762,72520094823,0358W"
pittsburgh,2024-09-26,23.6,19.7,21.3,23.6,19.7,21.3,17.9,81.4,0,0,0,,0,0,22,12.6,96.1,1015.8,87.8,15.4,49,4.2,2,10,2024-09-26T07:12:00,2024-09-26T19:09:38,0.79,Partially cloudy,Partly cloudy throughout the day.,partly-cloudy-day,"KBTP,KAGC,72512464705,KPIT,72520514762,72520094823,0358W"
pittsburgh,2024-09-27,23.4,20.5,22,23.4,20.5,22,18.5,80.8,0.772,100,16.67,rain,0,0,45,23.5,77.1,1010.3,84.9,15.9,34.6,2.9,1,10,2024-09-27T07:12:59,2024-09-27T19:07:58,0.83,"Rain, Partially cloudy",Partly cloudy throughout the day with rain in the morning and afternoon.,rain,"KBTP,KAGC,72512464705,KPIT,72520514762,72520094823,0358W"
pittsburgh,2024-09-28,24.7,20.4,22.5,24.7,20.4,22.5,18.3,77.2,1.474,100,25,rain,0,0,41.8,15.9,80.9,1008.8,92,15.9,66.2,5.7,3,10,2024-09-28T07:13:59,2024-09-28T19:06:18,0.86,"Rain, Overcast",Cloudy skies throughout the day with a chance of rain throughout the day.,rain,"KBTP,KAGC,72512464705,KPIT,72520514762,72520094823,0358W"
pittsburgh,2024-09-29,21.8,18.6,20.2,21.8,18.6,20.2,17.5,85,2.671,100,58.33,rain,0,0,26.3,12.2,72.9,1012.4,97.9,13.5,31.9,2.7,1,10,2024-09-29T07:14:58,2024-09-29T19:04:39,0.89,"Rain, Overcast",Cloudy skies throughout the day with a chance of rain throughout the day.,rain,"KBTP,KAGC,72512464705,KPIT,72520514762,72520094823,0358W"
pittsburgh,2024-09-30,18.9,17.6,18.2,18.9,17.6,18.2,16.3,88.6,17.394,100,75,rain,0,0,28.1,12.2,74.5,1015.2,96.4,11.7,26.6,2.1,1,10,2024-09-30T07:15:58,2024-09-30T19:03:00,0.93,"Rain, Overcast",Cloudy skies throughout the day with a chance of rain throughout the day.,rain,"KBTP,KAGC,72512464705,KPIT,72520514762,72520094823,0358W"
pittsburgh,2024-10-01,19.1,17.1,18.1,19.1,17.1,18.1,16.1,88.3,1.653,100,33.33,rain,0,0,29.9,10.8,88.1,1014.7,99.9,12.7,34.4,3.1,1,10,2024-10-01T07:16:58,2024-10-01T19:01:21,0.96,"Rain, Overcast",Cloudy skies throughout the day with a chance of rain throughout the day.,rain,"KBTP,KAGC,72512464705,KPIT,72520514762,72520094823,0358W"
pittsburgh,2024-10-02,20.9,13.3,17.2,20.9,13.3,17.2,11.9,73,1.197,100,20.83,rain,0,0,37.1,19.4,322.6,1015.8,69.5,12.8,111.1,9.6,5,10,2024-10-02T07:17:59,2024-10-02T18:59:43,0,"Rain, Partially cloudy",Partly cloudy throughout the day with rain clearing later.,rain,"KBTP,KAGC,72512464705,KPIT,72520514762,72520094823,0358W"
pittsburgh,2024-10-03,24.1,10.3,16.8,24.1,10.3,16.8,9.9,66.7,0,0,0,,0,0,16.9,8.3,114.3,1019.8,21.3,12.5,175.8,15.2,6,10,2024-10-03T07:19:00,2024-10-03T18:58:05,0.03,Partially cloudy,Clearing in the afternoon.,partly-cloudy-day,"KBTP,KAGC,72512464705,KPIT,72520514762,72520094823,0358W"
pittsburgh,2024-10-04,26.4,12.5,19.2,26.4,12.5,19.2,10.9,61.9,0,0,0,,0,0,18.4,11.7,340.3,1021.7,10.6,14.2,173.2,15,6,10,2024-10-04T07:20:00,2024-10-04T18:56:27,0.06,Clear,Clear conditions throughout the day.,clear-day,"KBTP,KAGC,72512464705,KPIT,72520514762,72520094823,0358W"
pittsburgh,2024-10-05,23.4,13,17.9,23.4,13,17.9,9.2,59.6,0,0,0,,0,0,18.4,10.4,358.6,1023.6,2.8,15.8,181.9,15.5,6,10,2024-10-05T07:21:02,2024-10-05T18:54:50,0.1,Clear,Clear conditions throughout the day.,clear-day,"KBTP,KAGC,72512464705,KPIT,72520514762,72520094823,0358W"
pittsburgh,2024-10-06,28.5,10.4,19.2,28.1,10.4,19.1,11.1,63.1,11.476,100,12.5,rain,0,0,45.3,27.7,191.2,1015.9,31.5,13.6,161.9,14.2,6,10,2024-10-06T07:22:03,2024-10-06T18:53:14,0.13,"Rain, Partially cloudy",Clearing in the afternoon with late afternoon rain.,rain,"KBTP,KAGC,72512464705,KPIT,72520514762,72520094823,0358W"
pittsburgh,2024-10-07,18.9,11.3,14.8,18.9,11.3,14.8,8.1,64.8,0,0,0,,0,0,35.4,18.3,320.9,1015.2,47.6,15.6,84.5,7.3,3,10,2024-10-07T07:23:05,2024-10-07T18:51:38,0.17,Partially cloudy,Partly cloudy throughout the day.,partly-cloudy-day,"KBTP,KAGC,72512464705,KPIT,72520514762,72520094823,0358W"
pittsburgh,2024-10-08,19.7,6.5,12.9,19.7,5.7,12.8,4,58.2,0,0,0,,0,0,32.8,16.2,276.1,1016.1,17.7,15.5,175,15.1,7,10,2024-10-08T07:24:07,2024-10-08T18:50:02,0.2,Clear,Clear conditions throughout the day.,clear-day,"KBTP,KAGC,72512464705,KPIT,72520514762,72520094823,0358W"
pittsburgh,2024-10-09,18.5,9.7,13.6,18.5,8.2,13.5,3,50.2,0,0,0,,0,0,36.7,20.5,285.8,1016.8,24.4,16,179.6,15.4,6,10,2024-10-09T07:25:09,2024-10-09T18:48:27,0.23,Partially cloudy,Partly cloudy throughout the day.,partly-cloudy-day,"KBTP,KAGC,72512464705,KPIT,72520514762,72520094823,0358W"
pittsburgh,2024-10-10,16.9,6.6,11.3,16.9,5,10.9,3.2,59.5,0,0,0,,0,0,29.2,15.2,344.7,1022.5,5.4,15.9,171.6,14.8,6,10,2024-10-10T07:26:12,2024-10-10T18:46:53,0.25,Clear,Clear conditions throughout the day.,clear-day,"KBTP,KAGC,72512464705,KPIT,72520514762,72520094823,0358W"
pittsburgh,2024-10-11,20.9,4.3,12.7,20.9,4.3,12.6,3.6,57.4,0,0,0,,0,0,29.5,16.5,226.7,1022.6,3.8,15.1,167.8,14.4,7,10,2024-10-11T07:27:14,2024-10-11T18:45:19,0.3,Clear,Clear conditions throughout the day.,clear-day,"KBTP,KAGC,72512464705,KPIT,72520514762,72520094823,0358W"
pittsburgh,2024-10-12,21.3,11.3,15.5,21.3,11.3,15.5,7.6,59.6,0.016,100,4.17,rain,0,0,27,15.4,197.2,1017.7,38.1,15.5,79.6,7,4,10,2024-10-12T07:28:18,2024-10-12T18:43:46,0.34,"Rain, Partially cloudy",Partly cloudy throughout the day with late afternoon rain.,rain,"KBTP,KAGC,72512464705,KPIT,72520514762,72520094823,0358W"
pittsburgh,2024-10-13,24.7,15.8,19.3,24.7,15.8,19.3,10.7,58,3.459,100,20.83,rain,0,0,50,27.7,223.6,1008.2,67.5,15.9,114,10.1,6,10,2024-10-13T07:29:21,2024-10-13T18:42:14,0.37,"Rain, Partially cloudy",Partly cloudy throughout the day with rain.,rain,"KBTP,KAGC,72512464705,KPIT,72520514762,72520094823,0358W"
pittsburgh,2024-10-14,15.3,7.5,11,15.3,6.8,10.7,3.8,61.6,0.181,100,16.67,rain,0,0,58.2,29.1,281.9,1011.1,74.2,15.5,48.8,4.3,3,10,2024-10-14T07:30:25,2024-10-14T18:40:43,0.4,"Rain, Partially cloudy",Partly cloudy throughout the day with rain in the morning and afternoon.,rain,"KBTP,KAGC,72512464705,KPIT,72520514762,72520094823,0358W"
pittsburgh,2024-10-15,11.5,5.6,8,11.5,3.8,6.9,2.3,67.8,0.883,100,20.83,rain,0,0,34.2,13,287.9,1016.3,72.4,15.7,108.6,9.6,6,10,2024-10-15T07:31:29,2024-10-15T18:39:12,0.44,"Rain, Partially cloudy",Partly cloudy throughout the day with rain.,rain,"KBTP,KAGC,72512464705,KPIT,72520514762,72520094823,0358W"
pittsburgh,2024-10-16,11.8,5.5,8.1,11.8,3.5,6.8,3.1,71.5,1.13,100,29.17,rain,0,0,38.9,16.8,302.8,1022.8,89.4,15.5,85.7,7.4,5,10,2024-10-16T07:32:34,2024-10-16T18:37:42,0.47,"Rain, Partially cloudy",Partly cloudy throughout the day with a chance of rain throughout the day.,rain,"KBTP,KAGC,72512464705,KPIT,72520514762,72520094823,0358W"
pittsburgh,2024-10-17,15.9,5.7,10.4,15.9,4.9,10,2.6,61,0,0,0,,0,0,33.5,15.1,319.9,1027.3,36.4,15.5,148.5,12.9,6,10,2024-10-17T07:33:39,2024-10-17T18:36:13,0.5,Partially cloudy,Clearing in the afternoon.,partly-cloudy-day,"KBTP,KAGC,72512464705,KPIT,72520514762,72520094823,0358W"
pittsburgh,2024-10-18,19.3,4.2,11.6,19.3,4.2,11.6,2.2,56.4,0,0,0,,0,0,16.2,6,12,1033,4.7,15.6,165.4,14.4,7,10,2024-10-18T07:34:44,2024-10-18T18:34:45,0.54,Clear,Clear conditions throughout the day.,clear-day,"KBTP,KAGC,72512464705,KPIT,72520514762,72520094823,0358W"
pittsburgh,2024-10-19,22.7,4.8,13.3,22.7,4.8,13.3,1.1,49.8,0,0,0,,0,0,13.3,7.8,9.8,1033.3,4.3,15.5,160,13.8,6,10,2024-10-19T07:35:49,2024-10-19T18:33:18,0.57,Clear,Clear conditions throughout the day.,clear-day,"KBTP,KAGC,72512464705,KPIT,72520514762,72520094823,0358W"
pittsburgh,2024-10-20,23.8,5.1,14.4,23.8,4.1,14.3,2.9,50.7,0,0,0,,0,0,22,11.9,219.1,1029,3.5,13.5,160.8,14,6,10,2024-10-20T07:36:55,2024-10-20T18:31:52,0.61,Clear,Clear conditions throughout the day.,clear-day,"KBTP,KAGC,72512464705,KPIT,72520514762,72520094823,0358W"
pittsburgh,2024-10-21,25.4,8.3,16.9,25.4,6.7,16.7,4.5,47.2,0,0,0,,0,0,20.5,15.1,221.8,1026.1,1.8,15.7,143.6,12.4,6,10,2024-10-21T07:38:02,2024-10-21T18:30:27,0.64,Clear,Clear conditions throughout the day.,clear-day,"KBTP,KAGC,72512464705,KPIT,72520514762,72520094823,0358W"
pittsburgh,2024-10-22,28.1,9.5,19,27,8.4,18.7,6.4,48,0,0,0,,0,0,23.4,13.7,150.8,1023.4,3.5,14.3,139.4,11.9,5,10,2024-10-22T07:39:08,2024-10-22T18:29:03,0.67,Clear,Clear conditions throughout the day.,clear-day,"KBTP,KAGC,72512464705,KPIT,72520514762,72520094823,0358W"
pittsburgh,2024-10-23,25.2,13.4,18.6,25.2,13.4,18.6,7.1,48.4,6.257,100,8.33,rain,0,0,55.4,25.3,226.5,1016.5,30.2,15.6,131.4,11.4,5,10,2024-10-23T07:40:15,2024-10-23T18:27:40,0.71,"Rain, Partially cloudy",Partly cloudy throughout the day with late afternoon rain.,rain,"KBTP,KAGC,72512464705,KPIT,72520514762,72520094823,0358W"
pittsburgh,2024-10-24,15.9,7.9,11.9,15.9,6.2,11.5,4.2,60.9,0,0,0,,0,0,35.3,16.1,328.8,1020.6,14.2,15.9,142.6,12.3,5,10,2024-10-24T07:41:22,2024-10-24T18:26:18,0.75,Clear,Clear conditions throughout the day.,clear-day,"KBTP,KAGC,72512464705,KPIT,72520514762,72520094823,0358W"
pittsburgh,2024-10-25,19.8,3.1,12,19.8,1.2,11.7,3.7,60.1,0,0,0,,0,0,33.9,22.6,200.9,1020.3,42.7,14.5,113.5,9.9,5,10,2024-10-25T07:42:30,2024-10-25T18:24:57,0.77,Partially cloudy,Becoming cloudy in the afternoon.,partly-cloudy-day,"KBTP,KAGC,72512464705,KPIT,72520514762,72520094823,0358W"
pittsburgh,2024-10-26,16.4,8.1,13.2,16.4,6.6,13,3.2,53.6,0,0,0,,0,0,40.1,21.7,330.9,1025.4,47,16,148,12.9,5,10,2024-10-26T07:43:38,2024-10-26T18:23:37,0.81,Partially cloudy,Clearing in the afternoon.,partly-cloudy-day,"KBTP,KAGC,72512464705,KPIT,72520514762,72520094823,0358W"
pittsburgh,2024-10-27,13.5,3.1,8.3,13.5,3,7.7,-4,46.5,0,0,0,,0,0,19.4,11.4,27.9,1029.7,10.4,16,155.1,13.3,6,10,2024-10-27T07:44:46,2024-10-27T18:22:19,0.84,Clear,Clear conditions throughout the day.,clear-day,"KBTP,KAGC,72512464705,KPIT,72520514762,72520094823,0358W"
pittsburgh,2024-10-28,18.6,2.6,10.4,18.6,2.6,10.3,-1.3,45.9,0,0,0,,0,0,18.4,10.2,130.5,1026.7,14.4,15.9,131.8,11.4,6,10,2024-10-28T07:45:54,2024-10-28T18:21:02,0.87,Clear,Clear conditions throughout the day.,clear-day,"KBTP,KAGC,72512464705,KPIT,72520514762,72520094823,0358W"
pittsburgh,2024-10-29,26.3,9.7,17.5,26.3,8.1,17.4,8.2,55.3,0.062,100,4.17,rain,0,0,42.7,23.3,182.4,1024.3,39.9,15.5,94.7,8.2,5,10,2024-10-29T07:47:03,2024-10-29T18:19:46,0.9,"Rain, Partially cloudy",Clearing in the afternoon with morning rain.,rain,"KBTP,KAGC,72512464705,KPIT,72520514762,72520094823,0358W"
pittsburgh,2024-10-30,25.2,16.2,20.4,25.2,16.2,20.4,10.2,53.2,0,0,0,,0,0,38.2,24.5,202.4,1024.9,18.8,16,137.6,11.8,6,10,2024-10-30T07:48:12,2024-10-30T18:18:31,0.94,Clear,Clear conditions throughout the day.,clear-day,"KBTP,KAGC,72512464705,KPIT,72520514762,72520094823,0358W"
pittsburgh,2024-10-31,26,15.1,20.9,26,15.1,20.9,11.6,56,0,0,0,,0,0,54,28.9,208.7,1018.8,59.5,16,111.9,9.6,5,10,2024-10-31T07:49:21,2024-10-31T18:17:18,0.97,Partially cloudy,Partly cloudy throughout the day.,partly-cloudy-day,"KBTP,72512464705,KAGC,KPIT,72520514762,72520094823,0358W"
pittsburgh,2024-11-01,20.4,7.8,13.1,20.4,6.3,12.9,6.7,66,1.542,100,16.67,rain,0,0,49.7,30,283,1020.7,39.7,15.2,135.4,11.7,5,10,2024-11-01T07:50:30,2024-11-01T18:16:07,0,"Rain, Partially cloudy",Partly cloudy throughout the day with early morning rain.,rain,"KBTP,KAGC,72512464705,KPIT,72520514762,72520094823,0358W"
pittsburgh,2024-11-02,14.2,5.2,9.1,14.2,4.6,8.7,1.7,61,0,0,0,,0,0,21.2,11.2,331.1,1029.1,31.8,16,130.5,11.4,6,10,2024-11-02T07:51:40,2024-11-02T18:14:56,0.04,Partially cloudy,Partly cloudy throughout the day.,partly-cloudy-day,"KBTP,KAGC,72512464705,KPIT,72520514762,72520094823,0358W"
pittsburgh,2024-11-03,17.3,3.1,9.7,17.3,0.4,8.8,0.3,53.9,0,0,0,,0,0,30.6,18.8,89.6,1028,13.8,16,132.8,11.7,6,10,2024-11-03T06:52:50,2024-11-03T17:13:47,0.07,Clear,Clear conditions throughout the day.,clear-day,"KBTP,KAGC,72512464705,KPIT,72520514762,72520094823,0358W"
pittsburgh,2024-11-04,21.3,9.4,14.6,21.3,7.8,14.4,3.7,48.7,0,0,0,,0,0,37.1,18.2,149,1023.5,41.4,16,89.3,7.6,4,10,2024-11-04T06:54:00,2024-11-04T17:12:40,0.11,Partially cloudy,Partly cloudy throughout the day.,partly-cloudy-day,"KBTP,KAGC,72512464705,KPIT,72520514762,72520094823,0358W"
pittsburgh,2024-11-05,26.6,14.7,20.2,26.6,14.7,20.2,10.5,54.3,0,0,0,,0,0,50.6,27.6,184.7,1018,31.8,16,102.8,8.8,5,10,2024-11-05T06:55:10,2024-11-05T17:11:34,0.15,Partially cloudy,Clearing in the afternoon.,partly-cloudy-day,"KBTP,KAGC,72512464705,KPIT,72520514762,72520094823,0358W"
pittsburgh,2024-11-06,21.7,17.9,19.7,21.7,17.9,19.7,14.7,73.2,0.131,100,16.67,rain,0,0,49,23.9,216.1,1017,84.8,15.8,30.6,2.6,2,10,2024-11-06T06:56:20,2024-11-06T17:10:30,0.18,"Rain, Partially cloudy",Partly cloudy throughout the day with rain in the morning and afternoon.,rain,"KBTP,KAGC,72512464705,KPIT,72520514762,72520094823,0358W"
pittsburgh,2024-11-07,17.8,9,14.3,17.8,8.1,14.3,8.8,70.6,0.019,100,4.17,rain,0,0,33.5,15.1,326.8,1022.1,54.8,15.5,97.1,8.2,5,10,2024-11-07T06:57:30,2024-11-07T17:09:28,0.21,"Rain, Partially cloudy",Partly cloudy throughout the day with early morning rain.,rain,"KBTP,KAGC,72512464705,KPIT,72520514762,72520094823,0358W"
pittsburgh,2024-11-08,17.3,4.6,10.7,17.3,2.2,10,2.5,61.6,0,0,0,,0,0,43.8,24.6,284.5,1022,5.4,14.7,140.3,12.2,5,10,2024-11-08T06:58:41,2024-11-08T17:08:27,0.25,Clear,Clear conditions throughout the day.,clear-day,"KBTP,KAGC,72512464705,KPIT,72520514762,72520094823,0358W"
pittsburgh,2024-11-09,13.6,3.2,8.7,13.6,1,7.6,-3.3,47,0,0,0,,0,0,31.7,18,56.3,1026.7,16.3,15.9,137.3,11.7,5,10,2024-11-09T06:59:51,2024-11-09T17:07:27,0.25,Clear,Clear conditions throughout the day.,clear-day,"KBTP,KAGC,72512464705,KPIT,72520514762,72520094823"
pittsburgh,2024-11-10,15.2,9.9,11.9,15.2,8.4,11.9,5.1,67.7,17.225,100,41.67,rain,0,0,50.4,17.7,170.1,1017.2,77.4,11.8,21.9,1.9,1,10,2024-11-10T07:01:02,2024-11-10T17:06:30,0.32,"Rain, Partially cloudy",Partly cloudy throughout the day with rain.,rain,"KBTP,KAGC,72512464705,KPIT,72520514762,72520094823"
pittsburgh,2024-11-11,15.7,8.9,12.7,15.7,6.9,12.5,7.1,69.6,0.031,100,4.17,rain,0,0,48.6,29,254.9,1010.8,57.4,16,105.8,9.1,5,10,2024-11-11T07:02:12,2024-11-11T17:05:34,0.35,"Rain, Partially cloudy",Becoming cloudy in the afternoon with early morning rain.,rain,"KBTP,KAGC,72512464705,KPIT,72520514762,72520094823"
pittsburgh,2024-11-12,10.1,3.5,7.5,10.1,0.9,5.2,-0.8,56.3,0,0,0,,0,0,41.4,23.2,348.4,1023.5,49.5,16,104.3,8.9,5,10,2024-11-12T07:03:23,2024-11-12T17:04:40,0.39,Partially cloudy,Clearing in the afternoon.,partly-cloudy-day,"KBTP,KAGC,72512464705,KPIT,72520514762,72520094823"
pittsburgh,2024-11-13,12.1,-0.9,5.7,12.1,-4,3.7,-6.6,44.8,0,0,0,,0,0,35.6,22.9,92.1,1027.9,16.3,16,129.9,11.2,5,10,2024-11-13T07:04:33,2024-11-13T17:03:48,0.42,Clear,Clear conditions throughout the day.,clear-day,"KBTP,KAGC,72512464705,KPIT,72520514762,72520094823"
pittsburgh,2024-11-14,7.4,5,6.5,4.5,1.1,3.3,-0.5,66.8,11.538,100,50,rain,0,0,39.9,24.8,128.1,1016.5,71.9,10,22.5,1.8,1,10,2024-11-14T07:05:43,2024-11-14T17:02:58,0.46,"Rain, Partially cloudy",Partly cloudy throughout the day with rain.,rain,"KBTP,KAGC,72512464705,KPIT,72520514762,72520094823"
pittsburgh,2024-11-15,9.8,6.9,8.4,8.4,4.4,6.8,7.3,92.8,0.52,100,20.83,rain,0,0,35.3,14.7,270.9,1016.2,100,7.3,23.4,1.9,1,10,2024-11-15T07:06:53,2024-11-15T17:02:09,0.5,"Rain, Overcast",Cloudy skies throughout the day with rain.,rain,"KBTP,KAGC,72512464705,KPIT,72520514762,72520094823"
pittsburgh,2024-11-16,9.6,6.8,8.2,8.4,3.9,6.7,3.8,74.3,0,0,0,,0,0,37.6,23,327,1021,99.6,15.3,85.3,7.4,4,10,2024-11-16T07:08:03,2024-11-16T17:01:23,0.53,Overcast,Cloudy skies throughout the day.,cloudy,"KBTP,KAGC,72512464705,KPIT,72520514762,72520094823"
pittsburgh,2024-11-17,11.5,2.1,7,11.5,0.7,6.6,2.6,74.4,0,0,0,,0,0,19.8,16.8,164.9,1019.2,25.8,15,92.5,8,4,10,2024-11-17T07:09:13,2024-11-17T17:00:38,0.56,Partially cloudy,Partly cloudy throughout the day.,partly-cloudy-day,"KBTP,KAGC,72512464705,KPIT,72520514762,72520094823"
pittsburgh,2024-11-18,15.8,7.8,11.9,15.8,6.1,11.5,7.6,74.9,0,0,0,,0,0,23,12.5,262.5,1016.1,84,15.1,64.9,5.6,3,10,2024-11-18T07:10:22,2024-11-18T16:59:56,0.59,Partially cloudy,Partly cloudy throughout the day.,partly-cloudy-day,"KBTP,KAGC,72512464705,KPIT,72520514762,72520094823"
pittsburgh,2024-11-19,16,10.2,12.9,16,10.2,12.9,10.2,83.9,1.944,100,33.33,rain,0,0,25.6,12.1,144,1011.3,80.3,10.2,62.7,5.5,3,10,2024-11-19T07:11:31,2024-11-19T16:59:15,0.62,"Rain, Partially cloudy",Partly cloudy throughout the day with rain.,rain,"KBTP,KAGC,72512464705,KPIT,72520514762,72520094823"
pittsburgh,2024-11-20,17.7,3.4,12.1,17.7,0.3,11.2,9.9,86.7,4.818,100,29.17,rain,0,0,89.3,23.2,228.7,1007,86,11.2,63.1,5.4,5,10,2024-11-20T07:12:40,2024-11-20T16:58:36,0.66,"Rain, Partially cloudy",Partly cloudy throughout the day with rain.,rain,"KBTP,KAGC,72512464705,KPIT,72520514762,72520094823,0561W"
pittsburgh,2024-11-21,3.3,-0.5,2.1,0.9,-4.3,-1.3,-0.5,83.1,0.879,100,41.67,"rain,snow",0.1,0,31.7,20,238,1005.3,91,13.8,40.6,3.5,2,10,2024-11-21T07:13:48,2024-11-21T16:58:00,0.69,"Snow, Rain, Overcast",Cloudy skies throughout the day with rain or snow.,snow,"KBTP,KAGC,72512464705,KPIT,72520514762,72520094823,0561W"
pittsburgh,2024-11-22,5.3,-1,2,1.8,-6,-2.5,0.1,87,8.067,100,66.67,"rain,snow",4.2,0,54.5,28.5,281.9,1002.5,100,10.7,14.3,1.3,1,10,2024-11-22T07:14:55,2024-11-22T16:57:25,0.75,"Snow, Rain, Overcast",Cloudy skies throughout the day with rain or snow.,snow,"KBTP,KAGC,72512464705,KPIT,72520514762,72520094823,0561W"
pittsburgh,2024-11-23,6.6,4.7,5.6,3.6,1.3,2.6,3.7,87.7,7.651,100,70.83,rain,0,0,42.5,20.1,294.7,1011.2,100,11.3,20.8,1.9,1,10,2024-11-23T07:16:02,2024-11-23T16:56:53,0.75,"Rain, Overcast",Cloudy skies throughout the day with a chance of rain throughout the day.,rain,"KBTP,KAGC,72512464705,KPIT,72520514762,72520094823,0561W"
pittsburgh,2024-11-24,6.6,2.5,5,6,1,2.6,1.5,78.3,0.032,100,8.33,rain,0,0,34.9,20.6,255.6,1017.5,72.7,15.9,23,2,1,10,2024-11-24T07:17:09,2024-11-24T16:56:23,0.79,"Rain, Partially cloudy",Partly cloudy throughout the day with early morning rain.,rain,"KBTP,KAGC,72512464705,KPIT,72520514762,72520094823,0561W"
pittsburgh,2024-11-25,11.9,0.2,6.4,11.9,-2.8,5,3,79.9,1.843,100,16.67,rain,0,0,26.3,15.9,160.1,1015.7,64.1,14.5,28.2,2.3,1,10,2024-11-25T07:18:15,2024-11-25T16:55:55,0.82,"Rain, Partially cloudy",Partly cloudy throughout the day with late afternoon rain.,rain,"KBTP,KAGC,72512464705,KPIT,72520514762,72520094823,0561W"
pittsburgh,2024-11-26,12.6,2.9,7.7,12.6,-0.7,5.1,2.9,72.6,8.153,100,29.17,rain,0,0,48.7,25.8,265,1015.5,60.2,14.6,71.6,6.1,3,10,2024-11-26T07:19:20,2024-11-26T16:55:29,0.85,"Rain, Partially cloudy",Partly cloudy throughout the day with rain clearing later.,rain,"KBTP,KAGC,72512464705,KPIT,72520514762,72520094823,0561W"
pittsburgh,2024-11-27,7,0.1,3.8,6.7,-2.5,2,-2.4,65.2,3.101,100,12.5,rain,0,0,19.1,15.3,197.5,1016.5,52.6,13.8,61.3,5.2,4,10,2024-11-27T07:20:24,2024-11-27T16:55:05,0.88,"Rain, Partially cloudy",Partly cloudy throughout the day with late afternoon rain.,rain,"KBTP,KAGC,72512464705,KPIT,72520514762,72520094823,0561W"
pittsburgh,2024-11-28,4.4,1.4,3.4,4.1,-2.1,0.5,1.9,89.9,10.187,100,75,rain,0,0,37.1,19.1,303.2,1008.5,99.7,11.1,21.1,1.9,1,10,2024-11-28T07:21:28,2024-11-28T16:54:44,0.92,"Rain, Overcast",Cloudy skies throughout the day with a chance of rain throughout the day.,rain,"KBTP,KAGC,72512464705,KPIT,72520514762,72520094823,0561W"
pittsburgh,2024-11-29,1.8,-4.6,-1.1,-2,-9.9,-6.5,-6,69.6,0.23,100,12.5,"rain,snow",0.9,0,48.7,30.2,255.2,1016.4,91.3,13.2,28.7,2.4,2,10,2024-11-29T07:22:31,2024-11-29T16:54:24,0.95,"Snow, Rain, Overcast",Cloudy skies throughout the day with morning rain or snow.,snow,"KBTP,KAGC,72512464705,KPIT,72520514762,72520094823,0561W"
pittsburgh,2024-11-30,-2.9,-6.6,-5.1,-7.4,-14.1,-11.2,-11.4,61.5,0,0,0,snow,0.5,0,44,27.5,244.1,1020.7,67.1,15.7,46.2,3.9,2,10,2024-11-30T07:23:33,2024-11-30T16:54:07,0.98,Partially cloudy,Partly cloudy throughout the day.,partly-cloudy-day,"KBTP,KAGC,72512464705,KPIT,72520514762,72520094823,0561W"
pittsburgh,2024-12-01,-1,-6.2,-3.7,-5.5,-10.5,-8.4,-11.9,53.9,0,0,0,,0,0,39.3,19,264.1,1021,45.6,16,84.7,7.2,4,10,2024-12-01T07:24:34,2024-12-01T16:53:53,0,Partially cloudy,Partly cloudy throughout the day.,partly-cloudy-day,"KBTP,KAGC,72512464705,KPIT,72520514762,72520094823,0561W"
pittsburgh,2024-12-02,-0.1,-5.3,-3.1,-3.7,-10.9,-8,-8.8,65.7,0,0,0,,0,0,34.9,18.1,254.3,1025.5,96.3,15.5,50.9,4.4,3,10,2024-12-02T07:25:34,2024-12-02T16:53:40,0.05,Overcast,Cloudy skies throughout the day.,cloudy,"KBTP,KAGC,72512464705,KPIT,72520514762,72520094823,0561W"
pittsburgh,2024-12-03,0.8,-5.7,-2.6,-5,-10.7,-7.5,-8.4,65.1,0,0,0,,0,0,41,27.5,254.5,1029.3,67,15.7,89.3,7.8,4,10,2024-12-03T07:26:32,2024-12-03T16:53:30,0.09,Partially cloudy,Partly cloudy throughout the day.,partly-cloudy-day,"KBTP,KAGC,72512464705,KPIT,72520514762,72520094823,0561W"
pittsburgh,2024-12-04,4.6,-5.1,-1,-0.1,-11.2,-6.5,-7.5,63.1,0.009,100,4.17,rain,0,0,66.5,29.3,199.2,1015.9,94,15.7,29.9,2.6,1,10,2024-12-04T07:27:30,2024-12-04T16:53:22,0.12,"Rain, Overcast",Cloudy skies throughout the day with late afternoon rain.,rain,"KBTP,KAGC,72512464705,KPIT,72520514762,72520094823,0561W"
pittsburgh,2024-12-05,3.1,-5.9,-3.8,-2.1,-13.4,-10.7,-8.3,71.4,2.489,100,16.67,"rain,snow",2.1,0,69,35.5,268.3,1013.3,97.4,12.7,61.1,5.3,5,10,2024-12-05T07:28:27,2024-12-05T16:53:16,0.16,"Snow, Rain, Overcast",Cloudy skies throughout the day with early morning snow or rain.,snow,"KBTP,KAGC,72512464705,KPIT,72520514762,72520094823,0561W"
pittsburgh,2024-12-06,-1.5,-6,-3.8,-6.5,-13.7,-9.5,-8.9,68.6,0,0,0,snow,1.7,0.1,40,25.1,259.3,1025.2,91.5,14.2,66.1,5.8,4,10,2024-12-06T07:29:22,2024-12-06T16:53:13,0.19,Overcast,Cloudy skies throughout the day.,cloudy,"KBTP,KAGC,72512464705,KPIT,72520514762,72520094823,0561W"
pittsburgh,2024-12-07,3,-3.6,-0.6,-1.6,-9.7,-6.1,-10,50.1,0,0,0,,0,0,46.1,24.4,224.7,1020.9,62.3,16,69,5.9,4,10,2024-12-07T07:30:16,2024-12-07T16:53:12,0.23,Partially cloudy,Partly cloudy throughout the day.,partly-cloudy-day,"KBTP,KAGC,72512464705,KPIT,72520514762,72520094823,0561W"
pittsburgh,2024-12-08,11.6,3.6,7.3,11.6,-1.1,4.5,-3.2,47.8,0,0,0,,0,0,58.1,31.7,231.9,1012.6,15.5,16,81.3,7.1,4,10,2024-12-08T07:31:08,2024-12-08T16:53:13,0.25,Clear,Clear conditions throughout the day.,clear-day,"KBTP,KAGC,72512464705,KPIT,72520514762,72520094823,0561W"
pittsburgh,2024-12-09,12.3,6.3,10,12.3,3.9,9.2,7,82.1,12.435,100,50,rain,0,0,51.4,29.4,209.2,1010.9,91.5,13,13.7,1.2,1,10,2024-12-09T07:32:00,2024-12-09T16:53:16,0.3,"Rain, Overcast",Cloudy skies throughout the day with a chance of rain throughout the day.,rain,"KBTP,KAGC,72512464705,KPIT,72520514762,72520094823,0561W"
pittsburgh,2024-12-10,14.3,8.1,10.9,14.3,7.5,10.7,8.5,85.6,0.408,100,12.5,rain,0,0,33.1,15.6,180.2,1011.3,93.1,14,33.5,2.8,2,10,2024-12-10T07:32:49,2024-12-10T16:53:22,0.33,"Rain, Overcast",Cloudy skies throughout the day with rain.,rain,"KBTP,KAGC,72512464705,KPIT,72520514762,72520094823,0561W"
pittsburgh,2024-12-11,9.3,-1.9,2.8,7.4,-8.2,-1.1,0.5,84.6,3.079,100,37.5,"rain,snow",0.6,0.3,50.5,28.5,280.9,1009.2,96.5,10,9.4,0.8,1,10,2024-12-11T07:33:38,2024-12-11T16:53:30,0.37,"Snow, Rain, Overcast",Cloudy skies throughout the day with a chance of rain or snow throughout the day.,snow,"KBTP,KAGC,72512464705,KPIT,72520514762,72520094823,0561W"
pittsburgh,2024-12-12,-1.4,-6.2,-4.8,-7.4,-14.4,-11.3,-12.8,54.3,0,0,0,"rain,snow",0.9,0,60.6,36.8,256.3,1024.6,55.2,14.9,78,6.7,4,10,2024-12-12T07:34:24,2024-12-12T16:53:40,0.41,Partially cloudy,Clearing in the afternoon.,partly-cloudy-day,"KBTP,KAGC,72512464705,KPIT,72520514762,72520094823,0561W"
pittsburgh,2024-12-13,-1.8,-6.8,-5,-1.9,-10.7,-6.9,-10.6,65.5,0.062,100,4.17,snow,0,0.4,25.6,8.1,354.1,1038.3,58.3,13.6,70.9,6.2,4,10,2024-12-13T07:35:09,2024-12-13T16:53:53,0.44,"Snow, Partially cloudy",Partly cloudy throughout the day with morning snow.,snow,"KBTP,KAGC,72512464705,KPIT,72520514762,72520094823,0561W"
pittsburgh,2024-12-14,4.2,-7.8,-2.3,1,-11.9,-6,-8.7,61.7,0,0,0,,0,0.2,30.2,14.9,75.9,1041,8.3,15.9,81.7,7.1,4,10,2024-12-14T07:35:53,2024-12-14T16:54:08,0.48,Clear,Clear conditions throughout the day.,clear-day,"KBTP,KAGC,72512464705,KPIT,72520514762,72520094823,0561W"
pittsburgh,2024-12-15,4.7,-1.1,2.4,2.1,-5.3,-1.2,-1.4,77.3,6.706,100,58.33,rain,0,0,33.5,17.4,128.8,1031.9,81.9,12.2,14.8,1.2,1,10,2024-12-15T07:36:34,2024-12-15T16:54:25,0.5,"Rain, Partially cloudy",Partly cloudy throughout the day with rain.,rain,"KBTP,KAGC,72512464705,KPIT,72520514762,72520094823,0561W"
pittsburgh,2024-12-16,13.6,4.7,9.1,13.6,2.1,8,7.4,89.4,3.891,100,37.5,rain,0,0,53.3,25,170.5,1021.9,90.6,12,44.8,3.8,4,10,2024-12-16T07:37:14,2024-12-16T16:54:44,0.54,"Rain, Overcast",Cloudy skies throughout the day with rain.,rain,"KBTP,KAGC,72512464705,KPIT,72520514762,72520094823,0561W"
pittsburgh,2024-12-17,13.6,4.2,8.7,13.6,2.2,6.8,1.9,63.6,1.277,100,16.67,rain,0,0,46.2,26.2,247.2,1021.8,32.4,15.1,75.9,6.6,4,10,2024-12-17T07:37:52,2024-12-17T16:55:05,0.57,"Rain, Partially cloudy",Partly cloudy throughout the day with early morning rain.,rain,"KBTP,KAGC,72512464705,KPIT,72520514762,72520094823,0561W"
pittsburgh,2024-12-18,4,0.8,2.3,2.5,-3.4,-0.5,-0.3,83.5,5.736,100,33.33,"rain,snow",0,0,37.1,22.6,317.3,1021.7,74.5,11.1,14.5,1.2,1,10,2024-12-18T07:38:28,2024-12-18T16:55:29,0.61,"Snow, Rain, Partially cloudy",Partly cloudy throughout the day with rain or snow.,rain,"KBTP,KAGC,72512464705,KPIT,72520514762,72520094823,0561W"
pittsburgh,2024-12-19,1.8,0.1,0.8,1.8,-3,-0.9,-3,75.8,0,0,0,,0,0,31.7,15.5,306.4,1025.6,100,15.5,17.8,1.6,1,10,2024-12-19T07:39:03,2024-12-19T16:55:54,0.64,Overcast,Cloudy skies throughout the day.,cloudy,"KBTP,KAGC,72512464705,KPIT,72520514762,72520094823,0561W"
pittsburgh,2024-12-20,1.3,-0.5,0.5,1.2,-4.6,-1.2,-1.9,84.1,1.79,100,25,"rain,snow",2.5,0,34.5,16.6,336.3,1016.9,100,9.9,17.4,1.5,1,10,2024-12-20T07:39:35,2024-12-20T16:56:22,0.67,"Snow, Rain, Overcast",Cloudy skies throughout the day with rain or snow in the morning and afternoon.,snow,"KBTP,KAGC,72512464705,KPIT,72520514762,72520094823,0561W"
pittsburgh,2024-12-21,-0.6,-6.1,-3.7,-5.9,-11.3,-9.3,-7.9,72.9,0.984,100,20.83,snow,5.1,1.2,47.9,26.5,321.4,1025.3,95.3,12.2,42.4,3.7,2,10,2024-12-21T07:40:06,2024-12-21T16:56:52,0.7,"Snow, Overcast",Cloudy skies throughout the day with snow in the morning and afternoon.,snow,"KBTP,KAGC,72512464705,KPIT,72520514762,72520094823,0561W"
pittsburgh,2024-12-22,-4.6,-8.7,-6.6,-5.3,-12.3,-9.6,-12.1,65.3,0,0,0,snow,0.6,2.4,26.6,12.2,331.1,1032.9,66.4,15.8,50.6,4.4,2,10,2024-12-22T07:40:34,2024-12-22T16:57:24,0.75,Partially cloudy,Partly cloudy throughout the day.,partly-cloudy-day,"KBTP,KAGC,72512464705,KPIT,72520514762,72520094823,0561W"
pittsburgh,2024-12-23,4.6,-10.5,-2.8,1.4,-14.4,-6.5,-11,57,0,0,0,,0,1.1,34.2,20.7,165,1029.6,26.9,15.6,68.4,6.1,4,10,2024-12-23T07:41:01,2024-12-23T16:57:58,0.77,Partially cloudy,Partly cloudy throughout the day.,partly-cloudy-day,"KBTP,KAGC,72512464705,KPIT,72520514762,72520094823,0561W"
pittsburgh,2024-12-24,4.6,1.2,2.6,2.2,-2.8,-0.1,0.4,86.6,2.611,100,25,"rain,snow",0.3,0,51.8,17.7,239.4,1025.7,99.1,9.9,10.9,1,1,10,2024-12-24T07:41:25,2024-12-24T16:58:33,0.8,"Snow, Rain, Overcast",Cloudy skies throughout the day with rain or snow.,snow,"KBTP,KAGC,72512464705,KPIT,72520514762,72520094823,0561W"
pittsburgh,2024-12-25,4.4,1,2.3,4,0.5,1.5,-0.9,79.7,0,0,0,,0,0,16.2,9.1,79,1028.1,98.3,12.5,40.4,3.4,2,10,2024-12-25T07:41:47,2024-12-25T16:59:11,0.83,Overcast,Cloudy skies throughout the day.,cloudy,"KBTP,KAGC,72512464705,KPIT,72520514762,72520094823,0561W"
pittsburgh,2024-12-26,7.1,0.3,3.4,6.5,-2.9,1.7,-1.1,72.5,0,0,0,,0,0,19.4,10.2,50.7,1027.8,52.6,15.7,53.1,4.7,3,10,2024-12-26T07:42:07,2024-12-26T16:59:51,0.86,Partially cloudy,Partly cloudy throughout the day.,partly-cloudy-day,"KBTP,KAGC,72512464705,KPIT,72520514762,72520094823,0561W"
pittsburgh,2024-12-27,11.5,0.6,5.7,11.5,-1.9,4.1,0,68.1,0,0,0,,0,0,28.4,14.4,104.6,1022.7,37.8,14.6,66.9,5.8,4,10,2024-12-27T07:42:26,2024-12-27T17:00:32,0.9,Partially cloudy,Partly cloudy throughout the day.,partly-cloudy-day,"KBTP,KAGC,72512464705,KPIT,72520514762,72520094823,0561W"
pittsburgh,2024-12-28,16.9,8.4,12.3,16.9,6.5,12,8.2,77.2,0.443,100,12.5,rain,0,0,35.3,19.7,184,1018.9,52.5,14.7,61.6,5.2,3,10,2024-12-28T07:42:41,2024-12-28T17:01:16,0.93,"Rain, Partially cloudy",Partly cloudy throughout the day with early morning rain.,rain,"KBTP,KAGC,72512464705,KPIT,72520514762,72520094823,0561W"
pittsburgh,2024-12-29,18.2,10,13,18.2,10,13,9.4,79.2,6.576,100,41.67,rain,0,0,88.1,46.2,167,1005.8,79.2,15.3,21.4,1.9,1,10,2024-12-29T07:42:55,2024-12-29T17:02:01,0.96,"Rain, Partially cloudy",Partly cloudy throughout the day with rain.,rain,"KBTP,KAGC,72512464705,KPIT,72520514762,72520094823,0561W"
pittsburgh,2024-12-30,9.8,3.8,6.9,6.3,1,3.4,0.8,65.5,1.049,100,33.33,rain,0,0,68.2,34.4,240,1006.8,64.2,15.9,48.2,4.2,2,10,2024-12-30T07:43:07,2024-12-30T17:02:47,0,"Rain, Partially cloudy",Partly cloudy throughout the day with a chance of rain throughout the day.,rain,"KBTP,KAGC,72512464705,KPIT,72520514762,72520094823,0561W"
pittsburgh,2024-12-31,9.6,1.9,5.9,7.7,-0.2,3.8,2.4,78.6,7.462,100,37.5,rain,0,0,40.7,21.6,155.2,1003.7,70.8,14.3,31.1,2.7,3,10,2024-12-31T07:43:16,2024-12-31T17:03:36,0.03,"Rain, Partially cloudy",Partly cloudy throughout the day with rain.,rain,"KBTP,KAGC,72512464705,KPIT,72520514762,72520094823,0561W"
